latitude,longitude
48.036373931368665,12.840120739738445
48.11249768309926,12.869177175996546
48.16819780763097,12.963712562299445
48.10402637807036,12.99849001214938
48.228365102485135,13.349145119363795
48.02377478383745,13.38787983539976
63.363731490608124,21.563365374020968
63.29891877740277,21.60997292335269
63.57880850981495,21.640126263316876
63.32035275767521,21.634380900603286
63.46024160851031,21.66154753980453
63.57858487429954,21.68846403721691
63.48130162519826,21.75839161685989
63.53474291651772,21.832214527936337
63.4266218479774,21.901209229763015
63.49075768435824,21.975523092914578
63.29642408154609,22.040756066884736
63.683884859168906,22.079207592368455
63.651211333334906,22.126436133030115
63.715622326780085,22.153286492391544
63.30646068106251,22.136897063765826
63.57505111000737,22.22010763075515
63.46717354908637,22.23958966232822
63.47729680565597,22.312293373620623
63.326559959814965,22.305424528740264
63.30502582921572,22.304449864200574
63.54167386613499,22.33939491224737
63.43331608639576,22.406488844542782
63.59432615575392,22.46281115753233
63.43283513661111,22.45456934312231
63.30363925254996,22.448050678844396
63.68020374838928,22.491498812843197
63.6048436816402,22.48754913362119
63.59407788179201,22.486986809862717
63.583312062933175,22.48642496338955
63.56178036817818,22.485302699979798
63.766074149013335,22.520363912139395
63.66918490768345,22.515172406155326
63.30314492134459,22.495914061399173
63.743486353220035,22.616416810451263
63.64660123902409,22.610902862294573
52.829566089416836,-7.079290725003096
52.719675287464696,-6.9597406747874295
52.66577008092804,-6.962253041381423
52.63250081949433,-6.910598147863212
52.88013654913823,-6.880874975609562
52.97683644003206,-6.858270386639253
52.739031250387974,-6.834396202034435
52.69591073666084,-6.836531688735711
52.853865103134815,-6.632611247958051
52.66991834036294,-6.607070763014847
52.927867055127734,-6.5571515575916015
52.71230943066175,-6.569216073803148
52.9702371879024,-6.519015452416433
52.959459925498294,-6.519632756117852
52.87324093786418,-6.524557012922566
52.625352559363336,-6.538575170050467
52.96910677388782,-6.465461415040855
52.91522240986163,-6.468610360529573
52.85056035166302,-6.4723758471556945
52.75280451789218,-6.442472559552287
52.838245723054165,-6.40181415273497
62.55991890777563,29.68079063966262
62.51688178536432,29.676921635207137
62.83919593171574,29.729786571028086
62.79570475649708,29.749299498285442
62.450972761414405,29.740831067027713
62.53658259479143,29.7720394085636
62.77087881536524,29.911649820933597
62.617815711215506,30.01364837451151
62.60449809282319,30.12926995838293
62.48514605486286,30.163358218286724
62.70991658649786,30.234337366630925
62.77279559862867,30.311823586573034
62.608134889484774,30.433855214283604
39.484900509037615,-8.672316837271998
39.47408795033579,-8.672367568882317
39.29005531217969,-8.603651497994973
39.030541580943236,-8.6051050197067
39.23594280510464,-8.590051774963298
39.46262320166898,-8.491079749144152
39.15980851816679,-8.479379302929656
39.40837096024113,-8.449658865806404
39.300179745488435,-8.436590045092926
39.26738490576732,-8.367300289124348
39.05056605110259,-8.27216475024295
39.49377923051941,-8.253609387571956
39.472155610345744,-8.253840503981765
39.47206526045618,-8.239890391940794
39.212576268901586,-8.242695939130922
39.3742830577623,-8.171294041857402
39.13601179409512,-8.11855665710728
39.35203462215028,-8.087994388005454
39.449227850142115,-8.072781283371073
39.17893709109488,-8.076342330946595
39.30845367803381,-8.04680517740733
39.23277228996328,-8.047830034830294
53.727887594598776,-7.0567659868060675
53.877900404642425,-6.99504474798635
53.74793713331821,-6.964839070951841
53.65030277099229,-6.933228645986385
53.47752132868634,-6.923553104338542
53.79992585886564,-6.852982561901786
53.584355497886826,-6.863927469995982
53.53013718224858,-6.848550672300084
53.572924447865525,-6.828252765169759
53.72348935386593,-6.802308620579627
53.497144884762555,-6.814035399104434
53.421363246693225,-6.799864908802446
53.63659381733491,-6.770523434082154
53.65746793002134,-6.733097240990346
53.538568547731145,-6.721345464243521
53.602537984370805,-6.681624681813784
53.69882306593762,-6.639973326637814
53.75234717803406,-6.618769077108662
53.40748269799544,-6.638081677623744
53.4279536204493,-6.582752581176
53.85826349545006,-6.5215072759058454
53.49187686063096,-6.54293309503147
53.630452966908145,-6.462278817034563
53.63006704280835,-6.444150411059767
53.46804636900188,-6.435817519373205
53.56384656133838,-6.375653276037459
53.83199669113842,-6.304190412802879
53.50712860002788,-6.252463790769051
55.389855603469826,20.62365801198973
55.34693369604224,20.699756971983227
45.68384217747117,18.932498320822276
45.587519797009314,18.98218997313943
45.76050091462097,18.991392448173706
45.46931600964846,19.017116559473347
45.382955733176395,19.02013896412115
45.320239295230174,19.14481396423026
45.6664463472578,19.179623828452993
45.6450993281462,19.19571499953442
45.440455276894085,19.232938500356124
45.47308072906956,19.24727132655101
45.73242333583754,19.254597932563943
45.6568514711925,19.25694800545364
45.473315229075105,19.262616558662128
45.51696432148004,19.292002172904485
45.30148124062606,19.329098236972065
45.39953670006314,19.387539679248967
45.637503535957826,19.411521208421455
45.745685696457386,19.423882002399232
45.49777117364994,19.46153322366367
45.40079818766727,19.479500681704852
45.40100123983081,19.494828099766547
45.35780979348156,19.495973893423542
45.34701187710304,19.496259936326382
38.14016597180136,-8.664726984211827
38.421309849040206,-8.649684673825021
38.41049533972064,-8.649736891746759
38.18338601078337,-8.650827027637837
38.42126795182062,-8.63593808510587
38.15089960419515,-8.63728606959983
38.14004153422018,-8.623645971850372
38.431993759236995,-8.608386600039198
38.51846165109049,-8.594153314980193
38.421084239330405,-8.580952032249353
38.47510599471703,-8.566882523740771
38.410219877176054,-8.56727011142153
38.44261141539412,-8.553325974843803
38.49640002722438,-8.48418898817529
38.463702520283924,-8.429402910587017
38.17164775840305,-8.417987705764906
38.4850495552742,-8.374199472444534
38.528230714426,-8.360058653644087
38.116900021879395,-8.29521796048084
38.300399182247794,-8.238551231123505
38.213797185668454,-8.22574709599172
38.33176278999199,-8.087197706715214
47.293695351992554,8.049832214940302
47.30535937470008,8.16074811001
47.20873939433628,8.241503983970388
47.111563986544,8.242885780535692
47.24172143191061,8.336168790794913
47.32836592459061,8.38272932163787
47.51224307662073,8.444325046607794
47.2423106681105,8.447153838709122
47.490725014695485,8.460482735745563
47.46927612133949,8.49255064252824
47.24253029189721,8.4947198749586
47.16694632874652,8.495437090526645
47.3615037571734,8.541260133598218
47.40481650906099,8.572693686789874
47.372482180445886,8.58884994467422
47.296898946402585,8.589436206040375
47.372692590418026,8.652428536869914
47.32959382176517,8.684475616300153
47.52399252432352,8.699252442380892
47.275647463423944,8.700662395866642
47.43769179883623,8.731573773941095
47.28652382173161,8.732339466471004
63.54591330296083,27.760107701825163
63.64134122079042,28.004913478638642
63.70577539675438,28.031478378502655
63.554492075853894,28.09846344992208
63.509597087751395,28.313775866890175
63.73351992371827,28.54292300887392
63.496418838592774,28.554225813485466
63.367229989484045,28.547241373313515
63.73299167924836,28.591509555754193
63.58146111769891,28.655576862875424
45.59938479029734,19.043312236869376
45.42692489421232,19.06462167779129
45.341075593069256,19.098183266302264
45.363423246561126,19.14340258515637
45.65589504042592,19.195368219420892
45.623749782037756,19.211793765530825
45.72139089432249,19.23952122993697
45.451487980005126,19.247940477583047
45.321929602708664,19.2519394924608
45.38717473782076,19.280587304885366
45.647648718215976,19.36503417413924
45.39931925691645,19.37221344524122
45.572290177763406,19.38260221515689
45.40017669521502,19.433519419298676
45.30299822161994,19.436198566647004
45.43298597535729,19.46329485656632
45.49797697418618,19.476886801325122
45.35760704519485,19.480658132280613
37.551983066492234,-8.558695277674902
37.36810847460943,-8.559774543155841
37.486871707432236,-8.504783818644185
37.51907934395274,-8.450253067773822
37.46493590361036,-8.437080090597462
37.616223998812664,-8.408747291907657
37.475550824856576,-8.396285752265689
37.421028121876454,-8.31535361902092
37.66919238155901,-8.217833593867176
37.59320934040514,-8.177851313292397
37.44170084463223,-8.165946671205111
37.23620540524023,-8.168216108535328
37.668104926907446,-8.068175076445753
38.3132039828323,-8.663931771863094
38.18334446748161,-8.637125263228446
38.13958202388457,-8.500404658316526
38.399010901114224,-8.47113926819528
38.409277385654114,-8.361109125289314
38.333347154926834,-8.320586376397802
38.49530914162906,-8.277785867170993
38.1599899552248,-8.267408574350076
38.4830414315649,-8.071534545560185
38.41805247530862,-8.05862119687578
48.409200869129606,16.829675119679738
48.247085722605426,16.84004837803458
47.99837902034336,16.86335865133633
48.02968892221994,16.928875110609624
61.94498784954267,27.605666073029962
61.51173842684003,28.003155710442115
62.51905304091061,27.733831078683885
62.668406880811,27.97179482087978
62.50670220892694,27.989828320148582
62.60328767817349,28.03979472800407
62.70945855138032,28.231207927672248
62.66638519421089,28.229419126323588
62.69643873940345,28.465180959581367
62.65209924843135,28.58007783867375
39.09559605865606,-8.660249482343723
39.084607900933214,-8.604803747931351
39.01968051745438,-8.591303540390417
39.23589303937606,-8.576147719258842
39.27903978019896,-8.54806210464512
39.322061069574566,-8.492099909143443
39.25718508358628,-8.49256834944583
39.39755858154058,-8.449743837028347
39.33247911574685,-8.408484130979094
39.148593708811404,-8.396139406240396
39.202584290923404,-8.381779710097994
39.072191330520916,-8.271942664256859
39.482967430655606,-8.25372497690407
39.39647229582388,-8.254647453508328
39.24463792867759,-8.18672773149871
39.28758687547796,-8.144488156924606
39.46014959806961,-8.086584959158396
39.12476666081082,-8.06316808555314
37.509074606696586,-8.66756998934795
37.50903561488549,-8.653992403123864
37.61677368467956,-8.531118078325031
37.29229002929889,-8.533139391607579
37.28118735200499,-8.465524759731862
37.24873827399469,-8.465754038883782
37.62710696640126,-8.422260181405553
37.20514850128079,-8.39844640565519
37.626754453719315,-8.354267876950086
37.57267681018689,-8.354735095659798
37.690731414374525,-8.203996856373376
37.59339556917719,-8.205034832122633
37.23648350541442,-8.208798309464324
37.560763912270154,-8.178207986779153
37.21466805509451,-8.181977135501763
37.61474398899715,-8.164017613312673
37.35478322260419,-8.112711063461342
37.54914247174964,-8.06965816118601
43.00110018138191,21.360460122474713
42.91409572617013,21.506971850506975
42.805902734538776,21.535439963407267
43.065170687975005,21.552428905627266
42.84898536604689,21.565184839143306
42.79413820635559,21.71142001724682
42.923617771198046,21.742316341312552
42.77204792446376,21.784508179309356
42.95553282878251,21.816258413019423
43.0519945666854,21.920679666537467
42.63048100152754,21.929076679450194
42.83528637046313,21.990871337239962
42.651474520793606,22.002587955278244
39.311897144370576,-8.673125273257787
39.0414883222932,-8.64664260379425
39.463149966468904,-8.630570418843416
39.09542110437136,-8.604743396326688
39.083416501217975,-8.341198427170777
39.26672714188879,-8.256023739174454
39.38547849570672,-8.22689678933762
39.32060658044835,-8.227611424867247
39.16885519143587,-8.173710380324424
39.006159867859964,-8.106311536006459
39.00583399289385,-8.064738937129253
61.8030913413358,23.8766935210171
61.78157888393007,23.8788779844703
61.69020713426999,24.13779227226152
61.88527908470054,24.188103709129123
61.823445275198225,24.33052696102206
61.763506393302045,24.585941786939433
61.4732977891346,24.63098026443051
61.88269062227694,24.622225979264417
52.73195159365627,-7.048037383797021
52.70949993072917,-6.995745412311366
52.87060679456429,-6.952663343373563
52.91247689735951,-6.879296178113861
52.51328270797731,-6.880887897671228
52.663892341050826,-6.855860649202519
52.95462817466875,-6.823636729348793
52.825271149209975,-6.830108876732053
52.792931363528396,-6.831719185231217
52.66357010454208,-6.838129741958962
52.86672736856633,-6.738891299053053
52.72659636438227,-6.746150257237105
52.5214458276739,-6.738979651517453
52.89768451813792,-6.66590851701388
52.58509657433173,-6.682557857039512
52.84237128662489,-6.597596070187004
52.77697774742436,-6.565612851275037
52.75045753844982,-6.3359085775610815
52.72890528281702,-6.337223317351878
64.38621158681309,24.305738948966574
55.50764266865184,26.413534095572604
55.57254468109102,21.54207426285606
55.26965722875173,21.72680674790019
55.54987682301776,21.75098954089095
55.635509020253004,21.847938469753018
55.678364652731254,21.887031939047006
55.354201831621836,21.97440637920334
55.66670326109249,22.001234848203
55.25701561123484,21.99090787312459
55.27842402067633,22.010332236536552
55.35324395357118,22.08794450379118
55.43932191905902,22.109279456411873
60.04051437391373,23.958508397903678
59.846832371591034,23.9762109503496
60.04246767947766,24.044554227930927
59.872177199637726,24.145471194830947
59.86187742283718,24.167792162749006
59.87309849375116,24.188282099610063
59.90629397887822,24.228406189973732
59.88868146335298,24.422956393048292
59.813746196630376,24.45015125115512
60.14827442234416,24.467523642517655
59.92262526051666,24.50622081903868
59.998385086740875,24.522041173799632
60.14108241155252,24.662619813721495
60.012267126458894,24.69325273305156
60.15334525092687,24.74824033266037
60.08911008720131,24.77420524055182
60.01410156394656,24.800782248184355
60.047113116793,24.841691249105125
59.99327588243271,24.845199656215375
60.14471761084908,24.878528585340412
60.66605274013345,19.7513370814022
60.67963977196875,20.102300349814165
60.669012390712524,20.12455645720405
60.637838350162575,20.32285009753705
60.69263675817349,20.54145362852677
60.660315760751025,20.541913165490513
60.84361003045251,20.583450523817174
60.97313612990004,20.670431260153695
45.72838802057518,19.007966575385566
45.470877515428874,19.109172981346468
45.35212534007663,19.11313277421133
45.53590388082341,19.122363710981606
45.363917177875436,19.17403215859591
45.63430359332119,19.196061582599555
45.667173273298964,19.22581665975144
45.764810941572414,19.253587889978167
45.70003552833458,19.25560625244731
45.57117575052327,19.305738441734462
45.44161616923608,19.30962171992401
45.344444376975666,19.312516885324932
45.35634744541596,19.38876706160497
45.46474960161088,19.416381431001955
45.659310563336696,19.42630780807904
45.37858163308565,19.43411596641978
45.5627618438771,19.47513678433178
45.76811436823112,19.484983114429294
45.508978321232725,19.491952221734067
45.325415978602955,19.496831536306495
48.131631090956446,15.378735505705608
48.33645793492191,15.461212036252768
48.05533801505324,15.555320179165284
48.291946754482055,15.719664631019683
48.42035673122987,15.883666912887238
48.37705288257358,15.899122617363199
48.39838396887397,15.931922901028855
48.40805450145947,16.06182225113835
48.29996326244863,16.075759562544572
48.45092605256304,16.09517394617728
48.137896969623526,16.08849922965855
48.12710254550153,16.088271094147657
63.331739151962154,20.523929017364733
63.299430687717056,20.52446212377593
63.29977971838723,20.644141242226233
56.211728664615585,24.61688239236201
56.12772420534035,24.737944591939062
56.22641829363535,24.828928475163824
56.09713112513503,24.836211967587708
56.32405691240734,24.86220519855367
56.389692453062224,24.91685345933872
56.228400972024325,24.944976448036424
66.18088315600706,23.87222674632773
66.3267511755987,24.13016198010066
66.11122227736563,24.13013926323976
66.21762825307135,24.196712694753426
66.08863983311755,24.180474174434273
66.09310481736412,24.473263995880377
66.09250628364089,24.499750880606424
66.2265699459041,24.758749471986366
66.16016249840509,24.828821989697225
66.16823619873048,24.93666887920119
55.259589920779185,-8.405549352423359
55.367225108547466,-8.366071227339484
55.36658336458506,-8.252485221799637
55.28032565608633,-8.254106674838429
55.279840759122294,-8.178549569198465
55.22580174838766,-8.160797370116791
55.451675637154445,-8.080114039257838
55.397767830350986,-8.08136633533787
55.332934384889626,-8.063949792987549
55.4295191952201,-8.004776188134933
55.267797235451994,-8.008823739920699
55.22467061833554,-8.009896206674751
55.24576131420878,-7.952744657486716
55.23377536098718,-7.820967295313095
55.222994346120416,-7.821286138901502
55.20143225516493,-7.821923184265239
55.222810688041164,-7.80242625270251
55.23340498254994,-7.783237543190615
55.22262411553974,-7.783566583926218
55.222434628689726,-7.764707135992135
55.470193460096624,-7.73798743143807
55.38395078616378,-7.740735332462853
55.25458430936823,-7.7448295172231445
55.24380363600044,-7.745169210283668
55.437655728080145,-7.720058025637404
55.243608164637955,-7.726300015154639
55.222046912243776,-7.7269889163273975
55.243409776827804,-7.7074310515486
63.67603315645106,27.569555453356312
63.61142017071094,27.568262226094568
63.47089720262262,27.685874154193137
63.58799067043233,27.930489928630443
63.66287660327879,28.005675467456474
63.39350984180864,28.02025390309234
63.68272043777957,28.224735635675003
63.62888600031196,28.22241671459188
63.562979364395744,28.364556619937737
63.65940708231004,28.417674796586773
63.314884165964514,28.40070832928628
63.50795079851128,28.48250535345935
63.37825388223213,28.52382755284637
63.636370290123196,28.561872774186497
63.43182476141693,28.550724746515655
43.08767116020411,22.604558642542095
42.98982848729777,22.646169249851404
43.07260143492857,22.884212283781345
54.35717479291768,24.46692677147548
54.422972325753385,24.518369902126782
54.28290022757815,24.526800968169827
54.43561137056053,24.610134853543713
54.4707767489605,24.756254456368215
54.71965460691785,24.7984273164948
54.49334837546255,24.810610958457616
54.73428491585387,25.021318629502392
54.45523684135552,25.108855706928136
64.29178154544823,23.64926789170618
64.31284426250603,23.676119689477858
64.56960165848506,23.77648976597087
64.28948686481468,23.77308711810714
64.3320373885656,23.802216810797887
64.31052643047158,23.80003059499889
64.27825979871501,23.79675839288874
64.4591582675879,23.915068803804235
64.58720440461262,23.978932451581493
64.60820309286035,24.006333601971427
64.43461218930842,24.062116196381766
64.53947891186021,24.199082993098642
64.62494114151762,24.234258925975485
64.26906175514972,24.24211455034824
64.55764667602514,24.3515730732635
64.27758394124805,24.34233706180393
64.39293766508167,24.48092689849441
64.23763871764879,24.659556332699694
64.46204916459503,24.739490021818153
44.467318150468365,21.35427754613878
44.618181427378516,21.461071102385418
44.607048516703856,21.53659529827346
44.5530353362059,21.536098721157373
44.47719485828883,21.58067044476832
44.443920759595336,21.73114370975557
44.59431322485517,21.853980082941924
44.52891266038603,21.928534839818482
50.13126407541634,4.13304805096878
63.331657173425306,20.49996678101767
48.09627145051056,16.818541304539128
48.1499695477184,16.836572784225787
48.203138333127505,16.886926924975462
48.18129157486348,16.90226910044094
48.04874502628659,17.07451356401583
60.644093578286295,19.708297403611333
60.65548405373135,19.77369848879037
60.65607085217572,19.839533702893757
60.65662528549611,19.905371614441044
60.602764671414505,19.907195751970796
60.625921185798575,20.125724625686978
60.60504627816611,20.235871943584744
60.63794752605705,20.344786288136913
60.69239497895752,20.47553146968854
60.60620614414478,20.476930349573845
60.75735185610411,20.562549836394503
60.692908688020054,20.62935147643388
60.628324639935585,20.652024249167702
60.757665569594245,20.67264388866558
64.30163266880491,23.699850569175947
64.16179705545485,23.68624249146723
64.37646630364533,23.732083012592636
64.40732492352431,23.809898626764557
64.30956996551829,23.849588366061074
64.46991246154238,23.91621387790033
64.41614122392212,23.91049850180219
64.64097107211485,23.98482724592288
64.41514649083274,23.960241881270154
64.5211525026335,24.046792779361052
64.59590107785719,24.0802489720233
64.47388052080808,24.24137670167197
64.22495327928523,24.286461398281407
64.2351457727441,24.312439886508646
64.4495815376028,24.363307497007387
64.18083189419076,24.33066871076911
64.1474476072469,24.376043691176452
64.39410844728212,24.43124876544169
64.4472680281765,24.462867098394753
64.57505887535862,24.52926444249162
64.33801068103709,24.52370630539962
64.36783121214258,24.62709405597273
64.30211717977194,24.66811288898526
64.19214781069638,24.752488939802646
42.91504570924943,22.58536986473854
43.001256878809286,22.602307521080114
43.086396831107216,22.692981411810496
43.804508145507874,21.350336677368375
43.68561220368971,21.36453298584611
43.93401261965705,21.395948614605658
43.642188552456396,21.423783464269015
43.620279570053704,21.497993922953537
43.82521118284762,21.5743126623514
43.71717014995516,21.57327970878517
43.7060516727499,21.63274993503432
43.74901149227507,21.67791641365182
43.89998909997486,21.72445408031469
43.86757839711697,21.72406140048862
43.813166799717855,21.783086154369695
43.899491061325534,21.799158894666828
43.84515239345402,21.843218836198
43.51012916799368,21.85338575044539
43.96364719125277,21.88976789001692
43.59598021363256,21.928932213122067
43.98451849100431,21.979860360359616
43.574002261024305,21.973178491601455
43.63843358298696,22.01884965966373
44.54289155295958,21.369841409375812
44.88836138569511,21.43283244201575
44.736605665769524,21.552948305327458
44.63864468824904,21.688192988984397
44.48741159285903,21.686412310380238
44.62704927145032,21.80907705524123
44.453886999411345,21.851930882930095
44.45354055728104,21.89717411937242
44.48558176372147,21.942938156219178
44.40971599622613,21.97186128041336
44.44199216362546,21.987476027648267
55.6333082868759,25.87793909932548
55.65616993593038,26.02986828239492
55.45176300482069,26.09181254856529
55.36591777029408,26.150577506698856
55.48547980068945,26.299925620743895
55.31296470567176,26.30296800027292
55.50781870668646,26.45153202867731
61.0260268156664,27.61027699076516
60.9181958155352,27.630344778911326
60.863645327088626,27.761828590480285
60.884374057573446,27.894969836936593
60.647079323467956,27.932272128290776
60.80694775543972,28.15746892059356
60.93561624420036,28.228570148345206
60.91366325010903,28.271984465584776
60.912343861262954,28.404707056981955
62.38043418183737,29.479027926515705
62.54058534266432,29.562355705740572
62.52896310981575,29.60801586900775
62.74327081348703,29.673917571938283
62.58188288233308,29.65939808453601
62.54915966495678,29.679822199520217
62.60159436583201,29.75471352783654
62.45051416860284,29.76405921232863
62.83541905206039,29.91803601251838
62.684823670179135,29.90318392907966
62.490224170950576,29.930850188376223
62.484616967630394,30.18660401038734
62.78243338187215,30.359984768940226
62.501185594497194,30.398220658638653
55.284985894940014,24.29474609710528
55.404714649616466,24.34344121949875
55.654888004284025,24.440985450489645
55.21361356995418,24.488255912745977
55.322115406660615,24.519230791284283
55.57103720989222,24.560665454039864
55.466229106369205,24.719029137121726
55.45684486634503,24.795493450844102
55.490843058336914,24.88857732424049
55.33017092739644,24.953889236189088
56.17513595350323,24.406464565731003
56.1444192572677,24.485814834147472
56.1270115243759,24.69936675394784
56.19236359137647,24.734140990736698
56.106529095927606,24.758487797637766
56.21826282416135,24.984228219800453
55.60513063997532,21.485381879465393
55.47514513705533,21.616675058620086
55.603667331118714,21.771063737476762
55.204732613469325,21.76333543938787
55.549637837864665,21.789026434639133
55.44130847085618,21.86273841790469
55.56740977797512,22.24609767766336
55.68579439657958,22.268947675980538
55.55623706669847,22.28379398752014
49.76402197221672,6.3684018765900605
60.058643559698815,19.731245602524645
59.984032919696084,19.82012641650934
59.96267737297964,19.842377888949947
59.72585220770237,19.87191158415226
60.10309644468013,19.88062118563839
60.00613967860173,19.88389941981847
60.070958184099574,19.903272503204157
60.10362806839636,19.945353543153413
60.01777818313933,19.99114401795296
60.007927238721685,20.120567638570233
59.889692103047764,20.166581506692584
59.93292264809363,20.186968920313564
59.793584233613196,20.318653083508853
60.08460456201966,20.33422695666609
60.06305602937341,20.33466109221655
59.9984099955067,20.335959546787997
59.955418486217475,20.358305557194385
60.0956886769379,20.398734339059217
59.72944468965837,20.42666118373285
59.87015607224609,20.59568450426406
60.09661164816266,20.6576451268342
59.913438088812484,20.659532861240073
59.80573995163203,20.682020332618166
63.288309759787545,20.428934586365095
63.342730496694905,20.59566547011978
52.98021470172088,-7.054738657924957
52.6993134604394,-7.031733613314988
52.68853195368301,-7.03221862314045
52.892777718222305,-6.987298128176496
52.568739254888634,-6.966755232400313
52.75171085455234,-6.940461580615492
52.53578277860672,-6.932889017435483
52.80238920817305,-6.7600350995591985
52.80136965525014,-6.706678054567117
52.88690596088745,-6.666487767980097
52.53120005461608,-6.6853975412792215
52.81075143801462,-6.63495531859159
52.64764023219656,-6.5728055702366035
52.711944083580526,-6.551469117201004
52.66883194877736,-6.553881075444684
52.91635062907343,-6.5220980295483795
52.59301833209658,-6.540388556281238
52.77512015194365,-6.476750742022091
52.91484098998033,-6.450781936906423
52.72047336683271,-6.444365396342374
52.880565590985704,-6.363609897896862
45.54434165946207,18.983735879692766
45.7507745057237,19.053455559729557
45.78342038568737,19.067756828152394
45.49195587758844,19.07775234129272
45.53565026991879,19.10700266137612
45.43849083124568,19.110255374542632
45.568290236041584,19.121284592004553
45.41740267612036,19.141633858162955
45.504264926210155,19.169498955939382
45.429895141261255,19.24860887013083
45.721627422420276,19.254934230424144
45.408536186690554,19.264604203501147
45.506167786441196,19.292328803971326
45.3235194738605,19.35907423492792
45.68047571750795,19.394896251540438
45.421346743449924,19.402257188996778
45.68111574583462,19.441105720116855
47.512272515096875,15.549566007437079
47.5439809675277,15.677471862785234
47.15509498492688,15.704173734578058
47.435301639723846,15.787473545653638
47.13125838140249,16.004497627606067
47.32531010583124,16.039932889031213
60.65465131472459,19.685922663473544
60.61177951883112,19.70958924119323
43.836825732945734,21.380378831996218
43.815113944116916,21.41008329231776
43.7934508600941,21.4248508875662
43.81500297079169,21.43992477887293
43.79333607709806,21.454681533420537
43.94440598523737,21.500691755309468
43.652627219408544,21.513141990046897
43.51216779343528,21.511950361971028
43.955004437231615,21.545649045753517
43.74965650180885,21.558684831931117
43.64146471103711,21.58743742437038
43.72722304044527,21.707469192425037
43.586387997490384,21.765275524948652
43.8777789317636,21.813805367492275
43.931466939929194,21.859387629944205
43.80160019680038,21.887359200385596
43.92031784693428,21.90406921821895
43.97409180047506,21.934806370429754
43.768332784115856,21.991233314584207
60.62638531997492,27.800087807670984
60.914073977756786,28.227740863507115
61.718356768887496,27.692023991640482
61.497381845462286,28.408467350930337
61.53899364922086,28.545798517336358
62.70824693190865,29.81158688204033
62.64032649895401,29.969091551786416
62.74163459070796,30.26131629961755
62.596808784924725,30.455939564036328
53.66291292463778,-7.04159369820131
53.425751709387356,-7.052514196187618
53.564688306953826,-6.9736496282407225
53.73684782512643,-6.947179326673831
53.56438009524714,-6.955542867633415
53.80120805972288,-6.92581224022979
53.52063857645,-6.921444463006724
53.70324390334709,-6.876090409511954
53.66012923097189,-6.87825943457912
53.681363316734576,-6.8590198384891385
53.584030597290834,-6.845813575857172
53.809377210444396,-6.779588977759953
53.712376589360574,-6.78470241988195
53.81947463266756,-6.742590551820026
53.79652699990997,-6.670933871802353
53.42974638899971,-6.672977405749483
53.612248975793825,-6.6266631200314325
53.78431373510808,-6.598740951035697
53.7304313713618,-6.601814178242866
53.71965482561387,-6.602427626651323
53.40639971017965,-6.583975262731578
53.67544652369763,-6.550428195501557
53.555784808532565,-6.502990979876872
53.491128035633075,-6.506792750951442
53.75975816245923,-6.454484968853038
53.576189573642296,-6.447403002621115
53.5953702720532,-6.337424630662548
53.6057400309582,-6.31863032851267
53.62564085194799,-6.2447664679032675
38.529494278296596,-8.662928118662297
38.36727730907342,-8.663681866555494
38.34511765883914,-8.512728357042002
38.35587421313142,-8.498921911729022
38.36562689143232,-8.292812535418642
38.279114411131765,-8.29365256914862
38.11646950464418,-8.226775863238874
38.45142159926103,-8.181957558857786
38.43989668615515,-8.085837483956956
37.69298482203569,-8.68036190178791
37.66053710206761,-8.68050107409146
37.41168913714172,-8.654440658221379
37.44409768415862,-8.640725655158468
37.44401209716539,-8.61359409072401
37.33550129450527,-8.519325687741182
37.313755531658444,-8.492379209450318
37.48656774559982,-8.436917814518843
37.52976561767878,-8.423011831829927
37.34554523310939,-8.356683835833474
37.3559733202688,-8.288845096766755
37.225757221443736,-8.222436912360472
37.430980383888745,-8.179628975159469
37.24682793580561,-8.14103888763464
37.268360190952805,-8.127260273564227
37.25754461428245,-8.127385075286798
37.53843379069838,-8.083373926827994
67.08482370437058,24.614981424957396
67.06892998032937,24.833732107549732
67.12998723321246,24.981991936631786
67.05412914123987,24.99715752028268
66.9252671867335,24.976032829193596
67.2574491557771,25.058856121425755
67.0412976338725,25.07789067316222
66.83728350836225,25.043903927718606
67.22311122697042,25.136536161496334
47.512195036279216,15.56550236766192
47.55477768812793,15.677611015953062
47.44631256018939,15.755803247212986
47.283924357468486,15.816961305830777
47.46711682040419,15.867566704680545
47.45500564632805,16.02656747108182
47.389793218070594,16.07300155816418
52.905324018118534,-7.093785456593383
52.81849518668838,-7.061969889176664
52.76458754388587,-7.064364959052763
52.86103331833842,-7.024421282351629
52.849654130425066,-6.989293970002626
52.49357134122366,-6.987903017327591
52.69780658987732,-6.943000614467594
52.92388873976453,-6.914444142038074
52.89154772535094,-6.91599742625216
52.68609004914474,-6.8902845948769995
52.81513656207228,-6.866230669278339
52.77104523841836,-6.815016745061147
52.93140185766753,-6.735520656000038
52.58578424018189,-6.717952922942632
52.930369512321406,-6.6820060219099675
52.59552787406223,-6.664287509962358
52.670275169998305,-6.62480141148485
52.93753163676407,-6.503027719211497
52.72198311255876,-6.5153636772844825
52.59264925366237,-6.5226902167124905
52.68927696116714,-6.499463481051467
52.839783254882974,-6.473002027964413
52.69967873413694,-6.481106176900161
52.8174661449654,-6.438676022213724
52.967562056825315,-6.394061691061649
52.58960149946802,-6.381117625362388
44.564545373593056,21.354867137949093
44.726488585194424,21.386162927588256
44.888179514466835,21.478418898058454
44.58564728777816,21.491047663074326
44.47613086880025,21.761722988916688
44.45442458161996,21.776523747962543
44.616247318959864,21.808927037673225
44.64854486984729,21.824509058308557
44.562129322831716,21.823287515318928
44.43250349112173,21.821465457131886
44.432053851459536,21.88176808290057
44.529034432839275,21.91343454628868
44.50743072701657,21.913097064409584
44.6260036983376,21.945208752311487
44.52866312718428,21.958735136317042
44.59334485661981,21.974916931361573
44.4742658581034,22.003108255104408
44.48479841056958,22.033470348519213
43.63149034442624,21.393956995893106
43.620405274931095,21.468249153304537
43.80352723170046,21.589023134888482
43.835861231938736,21.604267404968123
43.803449374567506,21.603940599483433
43.857307175032716,21.63434724255094
43.813745129366126,21.69356906803472
43.79166082805828,21.76789000731454
43.86708091824941,21.798725732184494
43.65090393338331,21.810735409000866
43.53173700762791,21.853690382376392
43.617941233086505,21.884653568424
43.08808075961932,22.57508312331355
42.89240075875969,22.65827136586059
43.02180576088243,22.676477922901004
43.0855093405767,22.751926653316847
43.07470844352629,22.751618855471783
42.945095945185024,22.74793851919219
43.05124266816111,22.86882397754291
43.01884180805816,22.867840713113765
59.86473765155468,19.738638376299853
59.91920207523073,19.800964490731108
59.886883326469174,19.802129008407068
59.94113138255962,19.84312901832738
60.10291220315102,19.85904428231679
59.898408130484206,19.887515739077774
60.114401177566904,19.94500904245659
60.17937729075136,19.98619160567447
59.85649442072448,20.038876396926177
59.73798110819861,20.04228026898842
60.08289678573796,20.05386381277102
59.74920643141581,20.106020923345366
60.11580672968667,20.13928310715605
59.81413564631725,20.14707333196114
59.95447089100415,20.186441194290914
59.771308474123536,20.19090152050788
59.71781413565346,20.256194016885356
60.181229348365235,20.267372436130476
59.92264962234689,20.273079673545883
59.90110083672609,20.273550600952678
60.10625987706474,20.35537394519497
59.772449608483974,20.40455604451526
59.901842704972765,20.423692533988294
60.0851032214328,20.44206701373733
60.05277974834515,20.442612544201662
59.998995810354614,20.465031326841086
60.07450352859493,20.48537195682256
59.869943096836025,20.53139638885326
59.84839312413973,20.531699331574707
59.837692491846305,20.55325912469205
59.85931352587408,20.574392697403017
60.12881704854431,20.614114251921627
60.08583687549386,20.657756846130592
60.0211878654529,20.65842538083256
59.69793317243839,20.66172285266172
60.0427915421843,20.67974430416824
59.902716646440055,20.681093810043823
59.7626387334844,20.682430103581307
61.94508643989099,27.582797796827453
61.72924106209429,27.669557768412737
61.976504478748396,27.766548949593183
61.523851043069854,27.800497565465403
61.642202722477855,27.826201740694216
61.94221941578563,28.062986932876974
61.629701921473504,28.07488811456584
61.65069228163426,28.143579201189517
61.6289607275587,28.16541548166826
61.563118075989124,28.298489646971806
61.907522928650685,28.33591387293581
61.724223506030306,28.35068126648898
61.90511813073511,28.564246731794082
61.80820505548138,28.559314473383534
38.334793212647945,-8.650101634433595
38.43203889857371,-8.62213517947273
38.33435943252506,-8.526530719067216
38.13963946542027,-8.514097994052683
38.58244712202584,-8.387132479508297
38.57163332856067,-8.387224360245845
38.485122253153726,-8.387957634575999
38.42023809801341,-8.38850552947493
38.59311331687052,-8.359483051648336
38.14926025325675,-8.281211292561158
38.34383010778979,-8.265560619404559
38.35437871542534,-8.224252314503605
38.332375004320106,-8.169568055739846
38.15905572363092,-8.13044633765692
38.54824066642348,-8.112008475365588
38.49417458686557,-8.112672571395569
38.386040897629634,-8.113995433870231
38.47211844265526,-8.05791856772424
39.17132810326608,-8.67377701955824
39.192914584942265,-8.659781333282686
39.23612527127108,-8.64566832489187
39.019580098588506,-8.563580368802151
39.246601372139324,-8.548270367688165
39.041043508313514,-8.52185018732336
39.21387268492826,-8.47898028270752
39.00836362027271,-8.466631684225083
39.45148485744891,-8.421425447792735
39.375798710552715,-8.422050707082096
39.28929903784675,-8.422762409381388
39.15954709228831,-8.423824233964215
39.14873429825479,-8.423912410314845
39.040605242501016,-8.424791570744189
39.213541130828496,-8.40948334546442
39.375508592223106,-8.366325422037626
39.49428657790649,-8.337337246717238
39.4726625702392,-8.337542442095724
39.137400669059375,-8.326810782357533
39.061111563824774,-8.230447005380203
39.1796673686682,-8.173583819527217
39.233628399753435,-8.159047487221395
39.1253038166361,-8.132572456113158
39.276352915305594,-8.088976483057124
39.26543153265107,-8.0752080044876
64.50645924951841,23.695059377931955
64.19361022275702,23.71404680797544
64.62242513086385,23.832107484464487
64.49288622212437,23.84367986890173
64.42787389228805,23.86187278017943
64.57695407676499,23.952738777727316
64.56620039165549,23.951573790619975
64.35062298041444,23.953300027859605
64.53033551425578,24.12291280806625
64.59046244835876,24.33052202734659
64.6000730530098,24.381898568546617
64.48068023162556,24.417112684071558
64.57624772921965,24.479257329158234
64.52011785447746,24.572220573997456
64.38040247060576,24.55404430531624
64.21858600159605,24.55800590728164
64.52524033460152,24.798222621728655
61.58940728750026,29.50605166302515
61.84727338301812,29.549893505544134
61.78228084618151,29.56726709632105
61.93075182542949,29.694085089501915
61.74602305150744,29.768864415473967
61.73480327334336,29.79058491021579
61.89333517769303,29.942102021851962
61.91436082481773,29.966987347873207
61.81754144588299,29.957631443953538
61.77450990796057,29.953494861032155
60.767665097529424,27.56130728068162
60.74561311880326,27.670981235583813
60.77693506025989,27.847904933942235
60.905918740298894,27.895573634830164
60.85076630498005,28.070710949387628
60.95588039749638,28.362306786491846
61.04111578974925,28.454839489681092
62.87513473259542,27.60116101907597
62.81041251355263,27.623379571880108
62.840874974169544,27.95392019492732
62.59318113316477,27.945968363308772
62.7200191190394,28.255116958552584
62.41623900970323,28.474697132373922
62.415484522961954,28.544356695927352
63.546709142549616,27.591117808165286
63.7184576825625,27.716151823092076
63.41693563923225,27.708619906882273
63.416426872328174,27.804747577826074
63.394889550822285,27.804144347070498
63.68535570631844,27.86089250507487
63.64228323617949,27.859587735101535
63.340623345780884,27.874545131247178
63.469541337605094,27.926639675873265
63.598437130306465,27.979209813043102
63.68441191575343,28.006438754724563
63.727310407288925,28.03226272343752
63.361032431544466,28.043092108990326
63.60851269193077,28.07634910008607
63.57484371934306,28.244269373886524
63.56074804829294,28.581891050472947
63.60354068210591,28.608465743877723
63.68910972709547,28.661858014444704
